{
    "code": 0,
    "msg": "获取数据成功！",
    "count": 57,
    "data": [


        [
            [
                116.3465364277128,
                39.97376751479104
            ],
            [
                116.347938,
                39.975117
            ],
            [
                116.50,
                20
            ],
            [
                100,
                39
            ]
        ],





        [
            [
                98.3465364277128,
                20.97376751479104
            ],
            [
                98.3465364277128,
                40.97376751479104
            ]
        ]



    ]
}